key,type,release,milestone,epic,feature,title,area,priority,status,estimate,parent,depends_on,body_file
MVP-E01,epic,MVP,MVP,Foundation,,[MVP-E01] Foundation,architecture,high,Backlog,,,,portfolio/issues/epics/MVP-E01-mvp-e01-foundation.md
MVP-E01-F01,feature,MVP,MVP,Foundation,Monorepo Architecture,[MVP-E01-F01] Monorepo Architecture,architecture,high,Backlog,,MVP-E01,,portfolio/issues/features/MVP-E01-F01-mvp-e01-f01-solution-architecture.md
MVP-E01-F01-S01,story,MVP,MVP,Foundation,Monorepo Architecture,[MVP-E01-F01-S01] Create Next.js monorepo workspace structure,architecture,high,Backlog,3,MVP-E01-F01,,portfolio/issues/stories/MVP-E01-F01-S01-mvp-e01-f01-s01-create-clean-architecture-solution-structure.md
MVP-E01-F01-S02,story,MVP,MVP,Foundation,Monorepo Architecture,[MVP-E01-F01-S02] Configure workspace package boundaries and dependencies,architecture,high,Backlog,3,MVP-E01-F01,,portfolio/issues/stories/MVP-E01-F01-S02-mvp-e01-f01-s02-configure-dependency-boundaries-and-project-references.md
MVP-E01-F01-S03,story,MVP,MVP,Foundation,Monorepo Architecture,[MVP-E01-F01-S03] Create financial domain primitives package,architecture,high,Backlog,3,MVP-E01-F01,,portfolio/issues/stories/MVP-E01-F01-S03-mvp-e01-f01-s03-create-shared-kernel-primitives.md
MVP-E01-F01-S04,story,MVP,MVP,Foundation,Monorepo Architecture,[MVP-E01-F01-S04] Create architecture decision records repository,architecture,high,Backlog,3,MVP-E01-F01,,portfolio/issues/stories/MVP-E01-F01-S04-mvp-e01-f01-s04-create-architecture-decision-records-repository.md
MVP-E01-F02,feature,MVP,MVP,Foundation,Development Environment,[MVP-E01-F02] Development Environment,devops,high,Backlog,,MVP-E01,,portfolio/issues/features/MVP-E01-F02-mvp-e01-f02-development-environment.md
MVP-E01-F02-S01,story,MVP,MVP,Foundation,Development Environment,[MVP-E01-F02-S01] Configure macOS developer bootstrap,devops,high,Backlog,3,MVP-E01-F02,MVP-E01-F01-S04,portfolio/issues/stories/MVP-E01-F02-S01-mvp-e01-f02-s01-configure-macos-developer-bootstrap.md
MVP-E01-F02-S02,story,MVP,MVP,Foundation,Development Environment,[MVP-E01-F02-S02] Create Docker Compose local stack,devops,high,Backlog,3,MVP-E01-F02,,portfolio/issues/stories/MVP-E01-F02-S02-mvp-e01-f02-s02-create-docker-compose-local-stack.md
MVP-E01-F02-S03,story,MVP,MVP,Foundation,Development Environment,[MVP-E01-F02-S03] Configure application settings and secrets,devops,high,Backlog,3,MVP-E01-F02,,portfolio/issues/stories/MVP-E01-F02-S03-mvp-e01-f02-s03-configure-application-settings-and-secrets.md
MVP-E01-F02-S04,story,MVP,MVP,Foundation,Development Environment,[MVP-E01-F02-S04] Create repository documentation baseline,devops,high,Backlog,3,MVP-E01-F02,,portfolio/issues/stories/MVP-E01-F02-S04-mvp-e01-f02-s04-create-repository-documentation-baseline.md
MVP-E01-F03,feature,MVP,MVP,Foundation,CI/CD and Quality Gates,[MVP-E01-F03] CI/CD and Quality Gates,devops,high,Backlog,,MVP-E01,,portfolio/issues/features/MVP-E01-F03-mvp-e01-f03-ci-cd-and-quality-gates.md
MVP-E01-F03-S01,story,MVP,MVP,Foundation,CI/CD and Quality Gates,[MVP-E01-F03-S01] Create GitHub Actions build workflow,devops,high,Backlog,3,MVP-E01-F03,MVP-E01-F02-S04,portfolio/issues/stories/MVP-E01-F03-S01-mvp-e01-f03-s01-create-github-actions-build-workflow.md
MVP-E01-F03-S02,story,MVP,MVP,Foundation,CI/CD and Quality Gates,[MVP-E01-F03-S02] Create pull request validation workflow,devops,high,Backlog,3,MVP-E01-F03,,portfolio/issues/stories/MVP-E01-F03-S02-mvp-e01-f03-s02-create-pull-request-validation-workflow.md
MVP-E01-F03-S03,story,MVP,MVP,Foundation,CI/CD and Quality Gates,[MVP-E01-F03-S03] Configure code coverage reporting,devops,high,Backlog,3,MVP-E01-F03,,portfolio/issues/stories/MVP-E01-F03-S03-mvp-e01-f03-s03-configure-code-coverage-reporting.md
MVP-E01-F03-S04,story,MVP,MVP,Foundation,CI/CD and Quality Gates,[MVP-E01-F03-S04] Create Dependabot configuration,devops,high,Backlog,3,MVP-E01-F03,,portfolio/issues/stories/MVP-E01-F03-S04-mvp-e01-f03-s04-create-dependabot-configuration.md
MVP-E01-F04,feature,MVP,MVP,Foundation,Observability,[MVP-E01-F04] Observability,infrastructure,high,Backlog,,MVP-E01,,portfolio/issues/features/MVP-E01-F04-mvp-e01-f04-observability.md
MVP-E01-F04-S01,story,MVP,MVP,Foundation,Observability,[MVP-E01-F04-S01] Configure structured logging,infrastructure,high,Backlog,3,MVP-E01-F04,MVP-E01-F03-S04,portfolio/issues/stories/MVP-E01-F04-S01-mvp-e01-f04-s01-configure-structured-logging.md
MVP-E01-F04-S02,story,MVP,MVP,Foundation,Observability,[MVP-E01-F04-S02] Create health check endpoints,infrastructure,high,Backlog,3,MVP-E01-F04,,portfolio/issues/stories/MVP-E01-F04-S02-mvp-e01-f04-s02-create-health-check-endpoints.md
MVP-E01-F04-S03,story,MVP,MVP,Foundation,Observability,[MVP-E01-F04-S03] Create global exception handling middleware,infrastructure,high,Backlog,3,MVP-E01-F04,,portfolio/issues/stories/MVP-E01-F04-S03-mvp-e01-f04-s03-create-global-exception-handling-middleware.md
MVP-E01-F05,feature,MVP,MVP,Foundation,Testing Foundation,[MVP-E01-F05] Testing Foundation,testing,high,Backlog,,MVP-E01,,portfolio/issues/features/MVP-E01-F05-mvp-e01-f05-testing-foundation.md
MVP-E01-F05-S01,story,MVP,MVP,Foundation,Testing Foundation,[MVP-E01-F05-S01] Configure unit testing framework,testing,high,Backlog,3,MVP-E01-F05,MVP-E01-F04-S03,portfolio/issues/stories/MVP-E01-F05-S01-mvp-e01-f05-s01-configure-unit-testing-framework.md
MVP-E01-F05-S02,story,MVP,MVP,Foundation,Testing Foundation,[MVP-E01-F05-S02] Configure integration testing framework,testing,high,Backlog,3,MVP-E01-F05,,portfolio/issues/stories/MVP-E01-F05-S02-mvp-e01-f05-s02-configure-integration-testing-framework.md
MVP-E01-F05-S03,story,MVP,MVP,Foundation,Testing Foundation,[MVP-E01-F05-S03] Create test data builder library,testing,high,Backlog,3,MVP-E01-F05,,portfolio/issues/stories/MVP-E01-F05-S03-mvp-e01-f05-s03-create-test-data-builder-library.md
MVP-E02,epic,MVP,MVP,Statement Ingestion,,[MVP-E02] Statement Ingestion,api,high,Backlog,,,,portfolio/issues/epics/MVP-E02-mvp-e02-statement-ingestion.md
MVP-E02-F01,feature,MVP,MVP,Statement Ingestion,Upload Workflow,[MVP-E02-F01] Upload Workflow,api,high,Backlog,,MVP-E02,,portfolio/issues/features/MVP-E02-F01-mvp-e02-f01-upload-workflow.md
MVP-E02-F01-S01,story,MVP,MVP,Statement Ingestion,Upload Workflow,[MVP-E02-F01-S01] Create statement upload route handler,api,high,Backlog,3,MVP-E02-F01,,portfolio/issues/stories/MVP-E02-F01-S01-mvp-e02-f01-s01-create-statement-upload-api-endpoint.md
MVP-E02-F01-S02,story,MVP,MVP,Statement Ingestion,Upload Workflow,[MVP-E02-F01-S02] Validate uploaded statement files,api,high,Backlog,3,MVP-E02-F01,,portfolio/issues/stories/MVP-E02-F01-S02-mvp-e02-f01-s02-validate-uploaded-statement-files.md
MVP-E02-F01-S03,story,MVP,MVP,Statement Ingestion,Upload Workflow,[MVP-E02-F01-S03] Create statement processing job record,api,high,Backlog,3,MVP-E02-F01,,portfolio/issues/stories/MVP-E02-F01-S03-mvp-e02-f01-s03-create-statement-processing-job-record.md
MVP-E02-F01-S04,story,MVP,MVP,Statement Ingestion,Upload Workflow,[MVP-E02-F01-S04] Create upload audit trail,api,high,Backlog,3,MVP-E02-F01,,portfolio/issues/stories/MVP-E02-F01-S04-mvp-e02-f01-s04-create-upload-audit-trail.md
MVP-E02-F02,feature,MVP,MVP,Statement Ingestion,Document Storage,[MVP-E02-F02] Document Storage,security,high,Backlog,,MVP-E02,,portfolio/issues/features/MVP-E02-F02-mvp-e02-f02-document-storage.md
MVP-E02-F02-S01,story,MVP,MVP,Statement Ingestion,Document Storage,[MVP-E02-F02-S01] Implement storage provider abstraction,security,high,Backlog,3,MVP-E02-F02,MVP-E02-F01-S04,portfolio/issues/stories/MVP-E02-F02-S01-mvp-e02-f02-s01-implement-storage-provider-abstraction.md
MVP-E02-F02-S02,story,MVP,MVP,Statement Ingestion,Document Storage,[MVP-E02-F02-S02] Implement local encrypted storage provider,security,high,Backlog,3,MVP-E02-F02,,portfolio/issues/stories/MVP-E02-F02-S02-mvp-e02-f02-s02-implement-local-encrypted-storage-provider.md
MVP-E02-F02-S03,story,MVP,MVP,Statement Ingestion,Document Storage,[MVP-E02-F02-S03] Create file metadata persistence,security,high,Backlog,3,MVP-E02-F02,,portfolio/issues/stories/MVP-E02-F02-S03-mvp-e02-f02-s03-create-file-metadata-persistence.md
MVP-E02-F02-S04,story,MVP,MVP,Statement Ingestion,Document Storage,[MVP-E02-F02-S04] Create retention policy service,security,high,Backlog,3,MVP-E02-F02,,portfolio/issues/stories/MVP-E02-F02-S04-mvp-e02-f02-s04-create-retention-policy-service.md
MVP-E02-F03,feature,MVP,MVP,Statement Ingestion,Processing Orchestration,[MVP-E02-F03] Processing Orchestration,infrastructure,high,Backlog,,MVP-E02,,portfolio/issues/features/MVP-E02-F03-mvp-e02-f03-processing-orchestration.md
MVP-E02-F03-S01,story,MVP,MVP,Statement Ingestion,Processing Orchestration,[MVP-E02-F03-S01] Create processing status state machine,infrastructure,high,Backlog,3,MVP-E02-F03,MVP-E02-F02-S04,portfolio/issues/stories/MVP-E02-F03-S01-mvp-e02-f03-s01-create-processing-status-state-machine.md
MVP-E02-F03-S02,story,MVP,MVP,Statement Ingestion,Processing Orchestration,[MVP-E02-F03-S02] Create background worker skeleton,infrastructure,high,Backlog,3,MVP-E02-F03,,portfolio/issues/stories/MVP-E02-F03-S02-mvp-e02-f03-s02-create-background-worker-skeleton.md
MVP-E02-F03-S03,story,MVP,MVP,Statement Ingestion,Processing Orchestration,[MVP-E02-F03-S03] Add idempotency for uploads,infrastructure,high,Backlog,3,MVP-E02-F03,,portfolio/issues/stories/MVP-E02-F03-S03-mvp-e02-f03-s03-add-idempotency-for-uploads.md
MVP-E03,epic,MVP,MVP,PDF Extraction,,[MVP-E03] PDF Extraction,parser,high,Backlog,,,,portfolio/issues/epics/MVP-E03-mvp-e03-pdf-extraction.md
MVP-E03-F01,feature,MVP,MVP,PDF Extraction,Digital PDF Extraction,[MVP-E03-F01] Digital PDF Extraction,parser,high,Backlog,,MVP-E03,,portfolio/issues/features/MVP-E03-F01-mvp-e03-f01-digital-pdf-extraction.md
MVP-E03-F01-S01,story,MVP,MVP,PDF Extraction,Digital PDF Extraction,[MVP-E03-F01-S01] Integrate Node PDF text extraction,parser,high,Backlog,3,MVP-E03-F01,,portfolio/issues/stories/MVP-E03-F01-S01-mvp-e03-f01-s01-integrate-pdfpig-digital-text-extraction.md
MVP-E03-F01-S02,story,MVP,MVP,PDF Extraction,Digital PDF Extraction,[MVP-E03-F01-S02] Create extraction result model,parser,high,Backlog,3,MVP-E03-F01,,portfolio/issues/stories/MVP-E03-F01-S02-mvp-e03-f01-s02-create-extraction-result-model.md
MVP-E03-F01-S03,story,MVP,MVP,PDF Extraction,Digital PDF Extraction,[MVP-E03-F01-S03] Preserve reading order,parser,high,Backlog,3,MVP-E03-F01,,portfolio/issues/stories/MVP-E03-F01-S03-mvp-e03-f01-s03-preserve-reading-order.md
MVP-E03-F01-S04,story,MVP,MVP,PDF Extraction,Digital PDF Extraction,[MVP-E03-F01-S04] Detect password-protected or image-only PDFs,parser,high,Backlog,3,MVP-E03-F01,,portfolio/issues/stories/MVP-E03-F01-S04-mvp-e03-f01-s04-detect-password-protected-or-image-only-pdfs.md
MVP-E03-F02,feature,MVP,MVP,PDF Extraction,OCR Extraction,[MVP-E03-F02] OCR Extraction,ocr,high,Backlog,,MVP-E03,,portfolio/issues/features/MVP-E03-F02-mvp-e03-f02-ocr-extraction.md
MVP-E03-F02-S01,story,MVP,MVP,PDF Extraction,OCR Extraction,[MVP-E03-F02-S01] Integrate Node OCR service adapter,ocr,high,Backlog,3,MVP-E03-F02,MVP-E03-F01-S04,portfolio/issues/stories/MVP-E03-F02-S01-mvp-e03-f02-s01-integrate-tesseract-ocr-service.md
MVP-E03-F02-S02,story,MVP,MVP,PDF Extraction,OCR Extraction,[MVP-E03-F02-S02] Create OCR image preprocessing pipeline,ocr,high,Backlog,3,MVP-E03-F02,,portfolio/issues/stories/MVP-E03-F02-S02-mvp-e03-f02-s02-create-ocr-image-preprocessing-pipeline.md
MVP-E03-F02-S03,story,MVP,MVP,PDF Extraction,OCR Extraction,[MVP-E03-F02-S03] Implement OCR confidence scoring,ocr,high,Backlog,3,MVP-E03-F02,,portfolio/issues/stories/MVP-E03-F02-S03-mvp-e03-f02-s03-implement-ocr-confidence-scoring.md
MVP-E03-F02-S04,story,MVP,MVP,PDF Extraction,OCR Extraction,[MVP-E03-F02-S04] Create OCR fallback workflow,ocr,high,Backlog,3,MVP-E03-F02,,portfolio/issues/stories/MVP-E03-F02-S04-mvp-e03-f02-s04-create-ocr-fallback-workflow.md
MVP-E03-F03,feature,MVP,MVP,PDF Extraction,Bank and Statement Detection,[MVP-E03-F03] Bank and Statement Detection,parser,high,Backlog,,MVP-E03,,portfolio/issues/features/MVP-E03-F03-mvp-e03-f03-bank-and-statement-detection.md
MVP-E03-F03-S01,story,MVP,MVP,PDF Extraction,Bank and Statement Detection,[MVP-E03-F03-S01] Create bank detection engine,parser,high,Backlog,3,MVP-E03-F03,MVP-E03-F02-S04,portfolio/issues/stories/MVP-E03-F03-S01-mvp-e03-f03-s01-create-bank-detection-engine.md
MVP-E03-F03-S02,story,MVP,MVP,PDF Extraction,Bank and Statement Detection,[MVP-E03-F03-S02] Detect FNB statement format,parser,high,Backlog,3,MVP-E03-F03,,portfolio/issues/stories/MVP-E03-F03-S02-mvp-e03-f03-s02-detect-fnb-statement-format.md
MVP-E03-F03-S03,story,MVP,MVP,PDF Extraction,Bank and Statement Detection,[MVP-E03-F03-S03] Detect Standard Bank statement format,parser,high,Backlog,3,MVP-E03-F03,,portfolio/issues/stories/MVP-E03-F03-S03-mvp-e03-f03-s03-detect-standard-bank-statement-format.md
MVP-E03-F03-S04,story,MVP,MVP,PDF Extraction,Bank and Statement Detection,[MVP-E03-F03-S04] Detect ABSA statement format,parser,high,Backlog,3,MVP-E03-F03,,portfolio/issues/stories/MVP-E03-F03-S04-mvp-e03-f03-s04-detect-absa-statement-format.md
MVP-E03-F03-S05,story,MVP,MVP,PDF Extraction,Bank and Statement Detection,[MVP-E03-F03-S05] Detect Nedbank statement format,parser,high,Backlog,3,MVP-E03-F03,,portfolio/issues/stories/MVP-E03-F03-S05-mvp-e03-f03-s05-detect-nedbank-statement-format.md
MVP-E03-F03-S06,story,MVP,MVP,PDF Extraction,Bank and Statement Detection,[MVP-E03-F03-S06] Detect Capitec statement format,parser,high,Backlog,3,MVP-E03-F03,,portfolio/issues/stories/MVP-E03-F03-S06-mvp-e03-f03-s06-detect-capitec-statement-format.md
MVP-E03-F03-S07,story,MVP,MVP,PDF Extraction,Bank and Statement Detection,[MVP-E03-F03-S07] Detect Discovery Bank and TymeBank formats,parser,high,Backlog,3,MVP-E03-F03,,portfolio/issues/stories/MVP-E03-F03-S07-mvp-e03-f03-s07-detect-discovery-bank-and-tymebank-formats.md
MVP-E04,epic,MVP,MVP,Transaction Normalization,,[MVP-E04] Transaction Normalization,parser,high,Backlog,,,,portfolio/issues/epics/MVP-E04-mvp-e04-transaction-normalization.md
MVP-E04-F01,feature,MVP,MVP,Transaction Normalization,Canonical Financial Model,[MVP-E04-F01] Canonical Financial Model,financial-engine,high,Backlog,,MVP-E04,,portfolio/issues/features/MVP-E04-F01-mvp-e04-f01-canonical-financial-model.md
MVP-E04-F01-S01,story,MVP,MVP,Transaction Normalization,Canonical Financial Model,[MVP-E04-F01-S01] Create Statement aggregate,financial-engine,high,Backlog,3,MVP-E04-F01,,portfolio/issues/stories/MVP-E04-F01-S01-mvp-e04-f01-s01-create-statement-aggregate.md
MVP-E04-F01-S02,story,MVP,MVP,Transaction Normalization,Canonical Financial Model,[MVP-E04-F01-S02] Create Transaction entity,financial-engine,high,Backlog,3,MVP-E04-F01,,portfolio/issues/stories/MVP-E04-F01-S02-mvp-e04-f01-s02-create-transaction-entity.md
MVP-E04-F01-S03,story,MVP,MVP,Transaction Normalization,Canonical Financial Model,[MVP-E04-F01-S03] Create Account and Merchant entities,financial-engine,high,Backlog,3,MVP-E04-F01,,portfolio/issues/stories/MVP-E04-F01-S03-mvp-e04-f01-s03-create-account-and-merchant-entities.md
MVP-E04-F01-S04,story,MVP,MVP,Transaction Normalization,Canonical Financial Model,[MVP-E04-F01-S04] Create money and currency value objects,financial-engine,high,Backlog,3,MVP-E04-F01,,portfolio/issues/stories/MVP-E04-F01-S04-mvp-e04-f01-s04-create-money-and-currency-value-objects.md
MVP-E04-F02,feature,MVP,MVP,Transaction Normalization,Extraction Rules,[MVP-E04-F02] Extraction Rules,parser,high,Backlog,,MVP-E04,,portfolio/issues/features/MVP-E04-F02-mvp-e04-f02-extraction-rules.md
MVP-E04-F02-S01,story,MVP,MVP,Transaction Normalization,Extraction Rules,[MVP-E04-F02-S01] Implement date extraction rules,parser,high,Backlog,3,MVP-E04-F02,MVP-E04-F01-S04,portfolio/issues/stories/MVP-E04-F02-S01-mvp-e04-f02-s01-implement-date-extraction-rules.md
MVP-E04-F02-S02,story,MVP,MVP,Transaction Normalization,Extraction Rules,[MVP-E04-F02-S02] Implement amount extraction rules,parser,high,Backlog,3,MVP-E04-F02,,portfolio/issues/stories/MVP-E04-F02-S02-mvp-e04-f02-s02-implement-amount-extraction-rules.md
MVP-E04-F02-S03,story,MVP,MVP,Transaction Normalization,Extraction Rules,[MVP-E04-F02-S03] Implement balance extraction rules,parser,high,Backlog,3,MVP-E04-F02,,portfolio/issues/stories/MVP-E04-F02-S03-mvp-e04-f02-s03-implement-balance-extraction-rules.md
MVP-E04-F02-S04,story,MVP,MVP,Transaction Normalization,Extraction Rules,[MVP-E04-F02-S04] Implement description and reference extraction,parser,high,Backlog,3,MVP-E04-F02,,portfolio/issues/stories/MVP-E04-F02-S04-mvp-e04-f02-s04-implement-description-and-reference-extraction.md
MVP-E04-F02-S05,story,MVP,MVP,Transaction Normalization,Extraction Rules,[MVP-E04-F02-S05] Create generic table row parser,parser,high,Backlog,3,MVP-E04-F02,,portfolio/issues/stories/MVP-E04-F02-S05-mvp-e04-f02-s05-create-generic-table-row-parser.md
MVP-E04-F03,feature,MVP,MVP,Transaction Normalization,Bank Specific Parsers,[MVP-E04-F03] Bank Specific Parsers,parser,high,Backlog,,MVP-E04,,portfolio/issues/features/MVP-E04-F03-mvp-e04-f03-bank-specific-parsers.md
MVP-E04-F03-S01,story,MVP,MVP,Transaction Normalization,Bank Specific Parsers,[MVP-E04-F03-S01] Create FNB transaction parser,parser,high,Backlog,3,MVP-E04-F03,MVP-E04-F02-S05,portfolio/issues/stories/MVP-E04-F03-S01-mvp-e04-f03-s01-create-fnb-transaction-parser.md
MVP-E04-F03-S02,story,MVP,MVP,Transaction Normalization,Bank Specific Parsers,[MVP-E04-F03-S02] Create Standard Bank transaction parser,parser,high,Backlog,3,MVP-E04-F03,,portfolio/issues/stories/MVP-E04-F03-S02-mvp-e04-f03-s02-create-standard-bank-transaction-parser.md
MVP-E04-F03-S03,story,MVP,MVP,Transaction Normalization,Bank Specific Parsers,[MVP-E04-F03-S03] Create ABSA transaction parser,parser,high,Backlog,3,MVP-E04-F03,,portfolio/issues/stories/MVP-E04-F03-S03-mvp-e04-f03-s03-create-absa-transaction-parser.md
MVP-E04-F03-S04,story,MVP,MVP,Transaction Normalization,Bank Specific Parsers,[MVP-E04-F03-S04] Create Nedbank transaction parser,parser,high,Backlog,3,MVP-E04-F03,,portfolio/issues/stories/MVP-E04-F03-S04-mvp-e04-f03-s04-create-nedbank-transaction-parser.md
MVP-E04-F03-S05,story,MVP,MVP,Transaction Normalization,Bank Specific Parsers,[MVP-E04-F03-S05] Create Capitec transaction parser,parser,high,Backlog,3,MVP-E04-F03,,portfolio/issues/stories/MVP-E04-F03-S05-mvp-e04-f03-s05-create-capitec-transaction-parser.md
MVP-E04-F03-S06,story,MVP,MVP,Transaction Normalization,Bank Specific Parsers,[MVP-E04-F03-S06] Create generic fallback parser,parser,high,Backlog,3,MVP-E04-F03,,portfolio/issues/stories/MVP-E04-F03-S06-mvp-e04-f03-s06-create-generic-fallback-parser.md
MVP-E05,epic,MVP,MVP,Validation and Privacy,,[MVP-E05] Validation and Privacy,security,high,Backlog,,,,portfolio/issues/epics/MVP-E05-mvp-e05-validation-and-privacy.md
MVP-E05-F01,feature,MVP,MVP,Validation and Privacy,Statement Validation,[MVP-E05-F01] Statement Validation,financial-engine,high,Backlog,,MVP-E05,,portfolio/issues/features/MVP-E05-F01-mvp-e05-f01-statement-validation.md
MVP-E05-F01-S01,story,MVP,MVP,Validation and Privacy,Statement Validation,[MVP-E05-F01-S01] Validate opening and closing balances,financial-engine,high,Backlog,3,MVP-E05-F01,,portfolio/issues/stories/MVP-E05-F01-S01-mvp-e05-f01-s01-validate-opening-and-closing-balances.md
MVP-E05-F01-S02,story,MVP,MVP,Validation and Privacy,Statement Validation,[MVP-E05-F01-S02] Validate running balances,financial-engine,high,Backlog,3,MVP-E05-F01,,portfolio/issues/stories/MVP-E05-F01-S02-mvp-e05-f01-s02-validate-running-balances.md
MVP-E05-F01-S03,story,MVP,MVP,Validation and Privacy,Statement Validation,[MVP-E05-F01-S03] Detect duplicate transactions,financial-engine,high,Backlog,3,MVP-E05-F01,,portfolio/issues/stories/MVP-E05-F01-S03-mvp-e05-f01-s03-detect-duplicate-transactions.md
MVP-E05-F01-S04,story,MVP,MVP,Validation and Privacy,Statement Validation,[MVP-E05-F01-S04] Detect missing or suspicious transaction gaps,financial-engine,high,Backlog,3,MVP-E05-F01,,portfolio/issues/stories/MVP-E05-F01-S04-mvp-e05-f01-s04-detect-missing-or-suspicious-transaction-gaps.md
MVP-E05-F01-S05,story,MVP,MVP,Validation and Privacy,Statement Validation,[MVP-E05-F01-S05] Create validation report model,financial-engine,high,Backlog,3,MVP-E05-F01,,portfolio/issues/stories/MVP-E05-F01-S05-mvp-e05-f01-s05-create-validation-report-model.md
MVP-E05-F02,feature,MVP,MVP,Validation and Privacy,PII and Redaction,[MVP-E05-F02] PII and Redaction,security,high,Backlog,,MVP-E05,,portfolio/issues/features/MVP-E05-F02-mvp-e05-f02-pii-and-redaction.md
MVP-E05-F02-S01,story,MVP,MVP,Validation and Privacy,PII and Redaction,[MVP-E05-F02-S01] Detect account numbers and card numbers,security,high,Backlog,3,MVP-E05-F02,MVP-E05-F01-S05,portfolio/issues/stories/MVP-E05-F02-S01-mvp-e05-f02-s01-detect-account-numbers-and-card-numbers.md
MVP-E05-F02-S02,story,MVP,MVP,Validation and Privacy,PII and Redaction,"[MVP-E05-F02-S02] Detect ID numbers, emails and phone numbers",security,high,Backlog,3,MVP-E05-F02,,portfolio/issues/stories/MVP-E05-F02-S02-mvp-e05-f02-s02-detect-id-numbers-emails-and-phone-numbers.md
MVP-E05-F02-S03,story,MVP,MVP,Validation and Privacy,PII and Redaction,[MVP-E05-F02-S03] Implement masking and tokenization,security,high,Backlog,3,MVP-E05-F02,,portfolio/issues/stories/MVP-E05-F02-S03-mvp-e05-f02-s03-implement-masking-and-tokenization.md
MVP-E05-F02-S04,story,MVP,MVP,Validation and Privacy,PII and Redaction,[MVP-E05-F02-S04] Create sanitized data contract for AI,security,high,Backlog,3,MVP-E05-F02,,portfolio/issues/stories/MVP-E05-F02-S04-mvp-e05-f02-s04-create-sanitized-data-contract-for-ai.md
MVP-E05-F02-S05,story,MVP,MVP,Validation and Privacy,PII and Redaction,[MVP-E05-F02-S05] Create prompt inspection pipeline,security,high,Backlog,3,MVP-E05-F02,,portfolio/issues/stories/MVP-E05-F02-S05-mvp-e05-f02-s05-create-prompt-inspection-pipeline.md
MVP-E06,epic,MVP,MVP,Financial Engine,,[MVP-E06] Financial Engine,financial-engine,high,Backlog,,,,portfolio/issues/epics/MVP-E06-mvp-e06-financial-engine.md
MVP-E06-F01,feature,MVP,MVP,Financial Engine,Income Analysis,[MVP-E06-F01] Income Analysis,financial-engine,high,Backlog,,MVP-E06,,portfolio/issues/features/MVP-E06-F01-mvp-e06-f01-income-analysis.md
MVP-E06-F01-S01,story,MVP,MVP,Financial Engine,Income Analysis,[MVP-E06-F01-S01] Detect salary income,financial-engine,medium,Backlog,3,MVP-E06-F01,,portfolio/issues/stories/MVP-E06-F01-S01-mvp-e06-f01-s01-detect-salary-income.md
MVP-E06-F01-S02,story,MVP,MVP,Financial Engine,Income Analysis,[MVP-E06-F01-S02] Detect multiple income streams,financial-engine,medium,Backlog,3,MVP-E06-F01,,portfolio/issues/stories/MVP-E06-F01-S02-mvp-e06-f01-s02-detect-multiple-income-streams.md
MVP-E06-F01-S03,story,MVP,MVP,Financial Engine,Income Analysis,[MVP-E06-F01-S03] Calculate income stability score,financial-engine,medium,Backlog,3,MVP-E06-F01,,portfolio/issues/stories/MVP-E06-F01-S03-mvp-e06-f01-s03-calculate-income-stability-score.md
MVP-E06-F01-S04,story,MVP,MVP,Financial Engine,Income Analysis,[MVP-E06-F01-S04] Calculate income trends,financial-engine,medium,Backlog,3,MVP-E06-F01,,portfolio/issues/stories/MVP-E06-F01-S04-mvp-e06-f01-s04-calculate-income-trends.md
MVP-E06-F02,feature,MVP,MVP,Financial Engine,Expense Analysis,[MVP-E06-F02] Expense Analysis,financial-engine,high,Backlog,,MVP-E06,,portfolio/issues/features/MVP-E06-F02-mvp-e06-f02-expense-analysis.md
MVP-E06-F02-S01,story,MVP,MVP,Financial Engine,Expense Analysis,[MVP-E06-F02-S01] Detect fixed expenses,financial-engine,medium,Backlog,3,MVP-E06-F02,MVP-E06-F01-S04,portfolio/issues/stories/MVP-E06-F02-S01-mvp-e06-f02-s01-detect-fixed-expenses.md
MVP-E06-F02-S02,story,MVP,MVP,Financial Engine,Expense Analysis,[MVP-E06-F02-S02] Detect variable expenses,financial-engine,medium,Backlog,3,MVP-E06-F02,,portfolio/issues/stories/MVP-E06-F02-S02-mvp-e06-f02-s02-detect-variable-expenses.md
MVP-E06-F02-S03,story,MVP,MVP,Financial Engine,Expense Analysis,[MVP-E06-F02-S03] Detect subscriptions,financial-engine,medium,Backlog,3,MVP-E06-F02,,portfolio/issues/stories/MVP-E06-F02-S03-mvp-e06-f02-s03-detect-subscriptions.md
MVP-E06-F02-S04,story,MVP,MVP,Financial Engine,Expense Analysis,[MVP-E06-F02-S04] Detect lifestyle and discretionary spend,financial-engine,medium,Backlog,3,MVP-E06-F02,,portfolio/issues/stories/MVP-E06-F02-S04-mvp-e06-f02-s04-detect-lifestyle-and-discretionary-spend.md
MVP-E06-F03,feature,MVP,MVP,Financial Engine,Debt and Savings Analysis,[MVP-E06-F03] Debt and Savings Analysis,financial-engine,high,Backlog,,MVP-E06,,portfolio/issues/features/MVP-E06-F03-mvp-e06-f03-debt-and-savings-analysis.md
MVP-E06-F03-S01,story,MVP,MVP,Financial Engine,Debt and Savings Analysis,[MVP-E06-F03-S01] Detect debt repayments,financial-engine,medium,Backlog,3,MVP-E06-F03,MVP-E06-F02-S04,portfolio/issues/stories/MVP-E06-F03-S01-mvp-e06-f03-s01-detect-debt-repayments.md
MVP-E06-F03-S02,story,MVP,MVP,Financial Engine,Debt and Savings Analysis,[MVP-E06-F03-S02] Calculate debt-to-income ratio,financial-engine,medium,Backlog,3,MVP-E06-F03,,portfolio/issues/stories/MVP-E06-F03-S02-mvp-e06-f03-s02-calculate-debt-to-income-ratio.md
MVP-E06-F03-S03,story,MVP,MVP,Financial Engine,Debt and Savings Analysis,[MVP-E06-F03-S03] Calculate savings rate,financial-engine,medium,Backlog,3,MVP-E06-F03,,portfolio/issues/stories/MVP-E06-F03-S03-mvp-e06-f03-s03-calculate-savings-rate.md
MVP-E06-F03-S04,story,MVP,MVP,Financial Engine,Debt and Savings Analysis,[MVP-E06-F03-S04] Estimate emergency fund and cash buffer,financial-engine,medium,Backlog,3,MVP-E06-F03,,portfolio/issues/stories/MVP-E06-F03-S04-mvp-e06-f03-s04-estimate-emergency-fund-and-cash-buffer.md
MVP-E07,epic,MVP,MVP,Categorization,,[MVP-E07] Categorization,financial-engine,high,Backlog,,,,portfolio/issues/epics/MVP-E07-mvp-e07-categorization.md
MVP-E07-F01,feature,MVP,MVP,Categorization,Rules Based Categorization,[MVP-E07-F01] Rules Based Categorization,financial-engine,high,Backlog,,MVP-E07,,portfolio/issues/features/MVP-E07-F01-mvp-e07-f01-rules-based-categorization.md
MVP-E07-F01-S01,story,MVP,MVP,Categorization,Rules Based Categorization,[MVP-E07-F01-S01] Create category taxonomy,financial-engine,medium,Backlog,3,MVP-E07-F01,,portfolio/issues/stories/MVP-E07-F01-S01-mvp-e07-f01-s01-create-category-taxonomy.md
MVP-E07-F01-S02,story,MVP,MVP,Categorization,Rules Based Categorization,[MVP-E07-F01-S02] Implement keyword categorization rules,financial-engine,medium,Backlog,3,MVP-E07-F01,,portfolio/issues/stories/MVP-E07-F01-S02-mvp-e07-f01-s02-implement-keyword-categorization-rules.md
MVP-E07-F01-S03,story,MVP,MVP,Categorization,Rules Based Categorization,[MVP-E07-F01-S03] Implement regex categorization rules,financial-engine,medium,Backlog,3,MVP-E07-F01,,portfolio/issues/stories/MVP-E07-F01-S03-mvp-e07-f01-s03-implement-regex-categorization-rules.md
MVP-E07-F01-S04,story,MVP,MVP,Categorization,Rules Based Categorization,[MVP-E07-F01-S04] Implement category override mechanism,financial-engine,medium,Backlog,3,MVP-E07-F01,,portfolio/issues/stories/MVP-E07-F01-S04-mvp-e07-f01-s04-implement-category-override-mechanism.md
MVP-E07-F02,feature,MVP,MVP,Categorization,South African Merchant Knowledge Base,[MVP-E07-F02] South African Merchant Knowledge Base,financial-engine,high,Backlog,,MVP-E07,,portfolio/issues/features/MVP-E07-F02-mvp-e07-f02-south-african-merchant-knowledge-base.md
MVP-E07-F02-S01,story,MVP,MVP,Categorization,South African Merchant Knowledge Base,[MVP-E07-F02-S01] Seed grocery merchant mappings,financial-engine,medium,Backlog,3,MVP-E07-F02,MVP-E07-F01-S04,portfolio/issues/stories/MVP-E07-F02-S01-mvp-e07-f02-s01-seed-grocery-merchant-mappings.md
MVP-E07-F02-S02,story,MVP,MVP,Categorization,South African Merchant Knowledge Base,[MVP-E07-F02-S02] Seed transport merchant mappings,financial-engine,medium,Backlog,3,MVP-E07-F02,,portfolio/issues/stories/MVP-E07-F02-S02-mvp-e07-f02-s02-seed-transport-merchant-mappings.md
MVP-E07-F02-S03,story,MVP,MVP,Categorization,South African Merchant Knowledge Base,[MVP-E07-F02-S03] Seed telecom and utility mappings,financial-engine,medium,Backlog,3,MVP-E07-F02,,portfolio/issues/stories/MVP-E07-F02-S03-mvp-e07-f02-s03-seed-telecom-and-utility-mappings.md
MVP-E07-F02-S04,story,MVP,MVP,Categorization,South African Merchant Knowledge Base,[MVP-E07-F02-S04] Seed debt and insurance provider mappings,financial-engine,medium,Backlog,3,MVP-E07-F02,,portfolio/issues/stories/MVP-E07-F02-S04-mvp-e07-f02-s04-seed-debt-and-insurance-provider-mappings.md
MVP-E07-F03,feature,MVP,MVP,Categorization,Confidence and Review,[MVP-E07-F03] Confidence and Review,financial-engine,high,Backlog,,MVP-E07,,portfolio/issues/features/MVP-E07-F03-mvp-e07-f03-confidence-and-review.md
MVP-E07-F03-S01,story,MVP,MVP,Categorization,Confidence and Review,[MVP-E07-F03-S01] Create categorization confidence score,financial-engine,medium,Backlog,3,MVP-E07-F03,MVP-E07-F02-S04,portfolio/issues/stories/MVP-E07-F03-S01-mvp-e07-f03-s01-create-categorization-confidence-score.md
MVP-E07-F03-S02,story,MVP,MVP,Categorization,Confidence and Review,[MVP-E07-F03-S02] Create human review threshold,financial-engine,medium,Backlog,3,MVP-E07-F03,,portfolio/issues/stories/MVP-E07-F03-S02-mvp-e07-f03-s02-create-human-review-threshold.md
MVP-E07-F03-S03,story,MVP,MVP,Categorization,Confidence and Review,[MVP-E07-F03-S03] Create merchant normalization service,financial-engine,medium,Backlog,3,MVP-E07-F03,,portfolio/issues/stories/MVP-E07-F03-S03-mvp-e07-f03-s03-create-merchant-normalization-service.md
MVP-E08,epic,MVP,MVP,Reporting,,[MVP-E08] Reporting,reporting,high,Backlog,,,,portfolio/issues/epics/MVP-E08-mvp-e08-reporting.md
MVP-E08-F01,feature,MVP,MVP,Reporting,Financial Summary Reporting,[MVP-E08-F01] Financial Summary Reporting,reporting,high,Backlog,,MVP-E08,,portfolio/issues/features/MVP-E08-F01-mvp-e08-f01-financial-summary-reporting.md
MVP-E08-F01-S01,story,MVP,MVP,Reporting,Financial Summary Reporting,[MVP-E08-F01-S01] Create financial summary model,reporting,medium,Backlog,3,MVP-E08-F01,,portfolio/issues/stories/MVP-E08-F01-S01-mvp-e08-f01-s01-create-financial-summary-model.md
MVP-E08-F01-S02,story,MVP,MVP,Reporting,Financial Summary Reporting,[MVP-E08-F01-S02] Create executive insight generator,reporting,medium,Backlog,3,MVP-E08-F01,,portfolio/issues/stories/MVP-E08-F01-S02-mvp-e08-f01-s02-create-executive-insight-generator.md
MVP-E08-F01-S03,story,MVP,MVP,Reporting,Financial Summary Reporting,[MVP-E08-F01-S03] Create report data route handler,reporting,medium,Backlog,3,MVP-E08-F01,,portfolio/issues/stories/MVP-E08-F01-S03-mvp-e08-f01-s03-create-report-data-api-endpoint.md
MVP-E08-F02,feature,MVP,MVP,Reporting,PDF and Excel Exports,[MVP-E08-F02] PDF and Excel Exports,reporting,high,Backlog,,MVP-E08,,portfolio/issues/features/MVP-E08-F02-mvp-e08-f02-pdf-and-excel-exports.md
MVP-E08-F02-S01,story,MVP,MVP,Reporting,PDF and Excel Exports,[MVP-E08-F02-S01] Integrate PDF report generation for Node,reporting,medium,Backlog,3,MVP-E08-F02,MVP-E08-F01-S03,portfolio/issues/stories/MVP-E08-F02-S01-mvp-e08-f02-s01-integrate-questpdf-report-generation.md
MVP-E08-F02-S02,story,MVP,MVP,Reporting,PDF and Excel Exports,[MVP-E08-F02-S02] Create Excel export using a Node workbook library,reporting,medium,Backlog,3,MVP-E08-F02,,portfolio/issues/stories/MVP-E08-F02-S02-mvp-e08-f02-s02-create-excel-export-using-closedxml.md
MVP-E08-F02-S03,story,MVP,MVP,Reporting,PDF and Excel Exports,[MVP-E08-F02-S03] Create CSV and JSON exports,reporting,medium,Backlog,3,MVP-E08-F02,,portfolio/issues/stories/MVP-E08-F02-S03-mvp-e08-f02-s03-create-csv-and-json-exports.md
MVP-E08-F02-S04,story,MVP,MVP,Reporting,PDF and Excel Exports,[MVP-E08-F02-S04] Create report audit event,reporting,medium,Backlog,3,MVP-E08-F02,,portfolio/issues/stories/MVP-E08-F02-S04-mvp-e08-f02-s04-create-report-audit-event.md
MDP-E01,epic,MDP,MDP,Questionnaire Engine,,[MDP-E01] Questionnaire Engine,questionnaire,medium,Backlog,,,,portfolio/issues/epics/MDP-E01-mdp-e01-questionnaire-engine.md
MDP-E01-F01,feature,MDP,MDP,Questionnaire Engine,Question Definition System,[MDP-E01-F01] Question Definition System,questionnaire,medium,Backlog,,MDP-E01,,portfolio/issues/features/MDP-E01-F01-mdp-e01-f01-question-definition-system.md
MDP-E01-F01-S01,story,MDP,MDP,Questionnaire Engine,Question Definition System,[MDP-E01-F01-S01] Create questionnaire domain model,questionnaire,medium,Backlog,5,MDP-E01-F01,,portfolio/issues/stories/MDP-E01-F01-S01-mdp-e01-f01-s01-create-questionnaire-domain-model.md
MDP-E01-F01-S02,story,MDP,MDP,Questionnaire Engine,Question Definition System,[MDP-E01-F01-S02] Create question definition loader,questionnaire,medium,Backlog,5,MDP-E01-F01,,portfolio/issues/stories/MDP-E01-F01-S02-mdp-e01-f01-s02-create-question-definition-loader.md
MDP-E01-F01-S03,story,MDP,MDP,Questionnaire Engine,Question Definition System,[MDP-E01-F01-S03] Implement conditional question logic,questionnaire,medium,Backlog,5,MDP-E01-F01,,portfolio/issues/stories/MDP-E01-F01-S03-mdp-e01-f01-s03-implement-conditional-question-logic.md
MDP-E01-F01-S04,story,MDP,MDP,Questionnaire Engine,Question Definition System,[MDP-E01-F01-S04] Create response validation engine,questionnaire,medium,Backlog,5,MDP-E01-F01,,portfolio/issues/stories/MDP-E01-F01-S04-mdp-e01-f01-s04-create-response-validation-engine.md
MDP-E01-F02,feature,MDP,MDP,Questionnaire Engine,Response Capture,[MDP-E01-F02] Response Capture,questionnaire,medium,Backlog,,MDP-E01,,portfolio/issues/features/MDP-E01-F02-mdp-e01-f02-response-capture.md
MDP-E01-F02-S01,story,MDP,MDP,Questionnaire Engine,Response Capture,[MDP-E01-F02-S01] Create questionnaire session API,questionnaire,medium,Backlog,5,MDP-E01-F02,,portfolio/issues/stories/MDP-E01-F02-S01-mdp-e01-f02-s01-create-questionnaire-session-api.md
MDP-E01-F02-S02,story,MDP,MDP,Questionnaire Engine,Response Capture,[MDP-E01-F02-S02] Create questionnaire versioning,questionnaire,medium,Backlog,5,MDP-E01-F02,,portfolio/issues/stories/MDP-E01-F02-S02-mdp-e01-f02-s02-create-questionnaire-versioning.md
MDP-E01-F02-S03,story,MDP,MDP,Questionnaire Engine,Response Capture,[MDP-E01-F02-S03] Create response persistence,questionnaire,medium,Backlog,5,MDP-E01-F02,,portfolio/issues/stories/MDP-E01-F02-S03-mdp-e01-f02-s03-create-response-persistence.md
MDP-E02,epic,MDP,MDP,Scoring Engine,,[MDP-E02] Scoring Engine,financial-engine,medium,Backlog,,,,portfolio/issues/epics/MDP-E02-mdp-e02-scoring-engine.md
MDP-E02-F01,feature,MDP,MDP,Scoring Engine,Score Models,[MDP-E02-F01] Score Models,financial-engine,medium,Backlog,,MDP-E02,,portfolio/issues/features/MDP-E02-F01-mdp-e02-f01-score-models.md
MDP-E02-F01-S01,story,MDP,MDP,Scoring Engine,Score Models,[MDP-E02-F01-S01] Create financial health score,financial-engine,medium,Backlog,5,MDP-E02-F01,,portfolio/issues/stories/MDP-E02-F01-S01-mdp-e02-f01-s01-create-financial-health-score.md
MDP-E02-F01-S02,story,MDP,MDP,Scoring Engine,Score Models,[MDP-E02-F01-S02] Create affordability score,financial-engine,medium,Backlog,5,MDP-E02-F01,,portfolio/issues/stories/MDP-E02-F01-S02-mdp-e02-f01-s02-create-affordability-score.md
MDP-E02-F01-S03,story,MDP,MDP,Scoring Engine,Score Models,[MDP-E02-F01-S03] Create debt risk score,financial-engine,medium,Backlog,5,MDP-E02-F01,,portfolio/issues/stories/MDP-E02-F01-S03-mdp-e02-f01-s03-create-debt-risk-score.md
MDP-E02-F01-S04,story,MDP,MDP,Scoring Engine,Score Models,[MDP-E02-F01-S04] Create savings resilience score,financial-engine,medium,Backlog,5,MDP-E02-F01,,portfolio/issues/stories/MDP-E02-F01-S04-mdp-e02-f01-s04-create-savings-resilience-score.md
MDP-E02-F02,feature,MDP,MDP,Scoring Engine,Scoring Governance,[MDP-E02-F02] Scoring Governance,financial-engine,medium,Backlog,,MDP-E02,,portfolio/issues/features/MDP-E02-F02-mdp-e02-f02-scoring-governance.md
MDP-E02-F02-S01,story,MDP,MDP,Scoring Engine,Scoring Governance,[MDP-E02-F02-S01] Create scoring rule definition format,financial-engine,medium,Backlog,5,MDP-E02-F02,,portfolio/issues/stories/MDP-E02-F02-S01-mdp-e02-f02-s01-create-scoring-rule-definition-format.md
MDP-E02-F02-S02,story,MDP,MDP,Scoring Engine,Scoring Governance,[MDP-E02-F02-S02] Create scoring explanation engine,financial-engine,medium,Backlog,5,MDP-E02-F02,,portfolio/issues/stories/MDP-E02-F02-S02-mdp-e02-f02-s02-create-scoring-explanation-engine.md
MDP-E02-F02-S03,story,MDP,MDP,Scoring Engine,Scoring Governance,[MDP-E02-F02-S03] Create score versioning,financial-engine,medium,Backlog,5,MDP-E02-F02,,portfolio/issues/stories/MDP-E02-F02-S03-mdp-e02-f02-s03-create-score-versioning.md
MDP-E03,epic,MDP,MDP,Recommendations,,[MDP-E03] Recommendations,recommendations,medium,Backlog,,,,portfolio/issues/epics/MDP-E03-mdp-e03-recommendations.md
MDP-E03-F01,feature,MDP,MDP,Recommendations,Recommendation Rules,[MDP-E03-F01] Recommendation Rules,recommendations,medium,Backlog,,MDP-E03,,portfolio/issues/features/MDP-E03-F01-mdp-e03-f01-recommendation-rules.md
MDP-E03-F01-S01,story,MDP,MDP,Recommendations,Recommendation Rules,[MDP-E03-F01-S01] Create recommendation rule framework,recommendations,medium,Backlog,5,MDP-E03-F01,,portfolio/issues/stories/MDP-E03-F01-S01-mdp-e03-f01-s01-create-recommendation-rule-framework.md
MDP-E03-F01-S02,story,MDP,MDP,Recommendations,Recommendation Rules,[MDP-E03-F01-S02] Create budget recommendations,recommendations,medium,Backlog,5,MDP-E03-F01,,portfolio/issues/stories/MDP-E03-F01-S02-mdp-e03-f01-s02-create-budget-recommendations.md
MDP-E03-F01-S03,story,MDP,MDP,Recommendations,Recommendation Rules,[MDP-E03-F01-S03] Create debt recommendations,recommendations,medium,Backlog,5,MDP-E03-F01,,portfolio/issues/stories/MDP-E03-F01-S03-mdp-e03-f01-s03-create-debt-recommendations.md
MDP-E03-F01-S04,story,MDP,MDP,Recommendations,Recommendation Rules,[MDP-E03-F01-S04] Create savings recommendations,recommendations,medium,Backlog,5,MDP-E03-F01,,portfolio/issues/stories/MDP-E03-F01-S04-mdp-e03-f01-s04-create-savings-recommendations.md
MDP-E03-F01-S05,story,MDP,MDP,Recommendations,Recommendation Rules,[MDP-E03-F01-S05] Create risk recommendations,recommendations,medium,Backlog,5,MDP-E03-F01,,portfolio/issues/stories/MDP-E03-F01-S05-mdp-e03-f01-s05-create-risk-recommendations.md
MDP-E03-F02,feature,MDP,MDP,Recommendations,Decision and Scenario Engine,[MDP-E03-F02] Decision and Scenario Engine,recommendations,medium,Backlog,,MDP-E03,,portfolio/issues/features/MDP-E03-F02-mdp-e03-f02-decision-and-scenario-engine.md
MDP-E03-F02-S01,story,MDP,MDP,Recommendations,Decision and Scenario Engine,[MDP-E03-F02-S01] Create scenario modeling engine,recommendations,medium,Backlog,5,MDP-E03-F02,,portfolio/issues/stories/MDP-E03-F02-S01-mdp-e03-f02-s01-create-scenario-modeling-engine.md
MDP-E03-F02-S02,story,MDP,MDP,Recommendations,Decision and Scenario Engine,[MDP-E03-F02-S02] Create decision tree engine,recommendations,medium,Backlog,5,MDP-E03-F02,,portfolio/issues/stories/MDP-E03-F02-S02-mdp-e03-f02-s02-create-decision-tree-engine.md
MDP-E03-F02-S03,story,MDP,MDP,Recommendations,Decision and Scenario Engine,[MDP-E03-F02-S03] Create recommendation priority ranking,recommendations,medium,Backlog,5,MDP-E03-F02,,portfolio/issues/stories/MDP-E03-F02-S03-mdp-e03-f02-s03-create-recommendation-priority-ranking.md
MDP-E04,epic,MDP,MDP,Financial Personas,,[MDP-E04] Financial Personas,recommendations,medium,Backlog,,,,portfolio/issues/epics/MDP-E04-mdp-e04-financial-personas.md
MDP-E04-F01,feature,MDP,MDP,Financial Personas,Persona Classification,[MDP-E04-F01] Persona Classification,recommendations,medium,Backlog,,MDP-E04,,portfolio/issues/features/MDP-E04-F01-mdp-e04-f01-persona-classification.md
MDP-E04-F01-S01,story,MDP,MDP,Financial Personas,Persona Classification,[MDP-E04-F01-S01] Define financial persona taxonomy,recommendations,medium,Backlog,5,MDP-E04-F01,,portfolio/issues/stories/MDP-E04-F01-S01-mdp-e04-f01-s01-define-financial-persona-taxonomy.md
MDP-E04-F01-S02,story,MDP,MDP,Financial Personas,Persona Classification,[MDP-E04-F01-S02] Implement persona classifier,recommendations,medium,Backlog,5,MDP-E04-F01,,portfolio/issues/stories/MDP-E04-F01-S02-mdp-e04-f01-s02-implement-persona-classifier.md
MDP-E04-F01-S03,story,MDP,MDP,Financial Personas,Persona Classification,[MDP-E04-F01-S03] Create persona-specific recommendation templates,recommendations,medium,Backlog,5,MDP-E04-F01,,portfolio/issues/stories/MDP-E04-F01-S03-mdp-e04-f01-s03-create-persona-specific-recommendation-templates.md
V1-E01,epic,V1,V1,Identity and Access,,[V1-E01] Identity and Access,identity,medium,Backlog,,,,portfolio/issues/epics/V1-E01-v1-e01-identity-and-access.md
V1-E01-F01,feature,V1,V1,Identity and Access,Authentication,[V1-E01-F01] Authentication,identity,medium,Backlog,,V1-E01,,portfolio/issues/features/V1-E01-F01-v1-e01-f01-authentication.md
V1-E01-F01-S01,story,V1,V1,Identity and Access,Authentication,[V1-E01-F01-S01] Implement user registration and login,identity,medium,Backlog,5,V1-E01-F01,,portfolio/issues/stories/V1-E01-F01-S01-v1-e01-f01-s01-implement-user-registration-and-login.md
V1-E01-F01-S02,story,V1,V1,Identity and Access,Authentication,[V1-E01-F01-S02] Implement JWT authentication,identity,medium,Backlog,5,V1-E01-F01,,portfolio/issues/stories/V1-E01-F01-S02-v1-e01-f01-s02-implement-jwt-authentication.md
V1-E01-F01-S03,story,V1,V1,Identity and Access,Authentication,[V1-E01-F01-S03] Implement MFA-ready account model,identity,medium,Backlog,5,V1-E01-F01,,portfolio/issues/stories/V1-E01-F01-S03-v1-e01-f01-s03-implement-mfa-ready-account-model.md
V1-E01-F01-S04,story,V1,V1,Identity and Access,Authentication,[V1-E01-F01-S04] Create role and permission model,identity,medium,Backlog,5,V1-E01-F01,,portfolio/issues/stories/V1-E01-F01-S04-v1-e01-f01-s04-create-role-and-permission-model.md
V1-E01-F02,feature,V1,V1,Identity and Access,Organizations,[V1-E01-F02] Organizations,identity,medium,Backlog,,V1-E01,,portfolio/issues/features/V1-E01-F02-v1-e01-f02-organizations.md
V1-E01-F02-S01,story,V1,V1,Identity and Access,Organizations,[V1-E01-F02-S01] Create organization entity,identity,medium,Backlog,5,V1-E01-F02,,portfolio/issues/stories/V1-E01-F02-S01-v1-e01-f02-s01-create-organization-entity.md
V1-E01-F02-S02,story,V1,V1,Identity and Access,Organizations,[V1-E01-F02-S02] Create invitation workflow skeleton,identity,medium,Backlog,5,V1-E01-F02,,portfolio/issues/stories/V1-E01-F02-S02-v1-e01-f02-s02-create-invitation-workflow-skeleton.md
V1-E02,epic,V1,V1,Multi-Tenancy,,[V1-E02] Multi-Tenancy,security,medium,Backlog,,,,portfolio/issues/epics/V1-E02-v1-e02-multi-tenancy.md
V1-E02-F01,feature,V1,V1,Multi-Tenancy,Tenant Isolation,[V1-E02-F01] Tenant Isolation,security,medium,Backlog,,V1-E02,,portfolio/issues/features/V1-E02-F01-v1-e02-f01-tenant-isolation.md
V1-E02-F01-S01,story,V1,V1,Multi-Tenancy,Tenant Isolation,[V1-E02-F01-S01] Create tenant context resolver,security,medium,Backlog,5,V1-E02-F01,,portfolio/issues/stories/V1-E02-F01-S01-v1-e02-f01-s01-create-tenant-context-resolver.md
V1-E02-F01-S02,story,V1,V1,Multi-Tenancy,Tenant Isolation,[V1-E02-F01-S02] Apply tenant filters to data access,security,medium,Backlog,5,V1-E02-F01,,portfolio/issues/stories/V1-E02-F01-S02-v1-e02-f01-s02-apply-tenant-filters-to-data-access.md
V1-E02-F01-S03,story,V1,V1,Multi-Tenancy,Tenant Isolation,[V1-E02-F01-S03] Create tenant configuration model,security,medium,Backlog,5,V1-E02-F01,,portfolio/issues/stories/V1-E02-F01-S03-v1-e02-f01-s03-create-tenant-configuration-model.md
V1-E02-F02,feature,V1,V1,Multi-Tenancy,Usage Tracking,[V1-E02-F02] Usage Tracking,billing,medium,Backlog,,V1-E02,,portfolio/issues/features/V1-E02-F02-v1-e02-f02-usage-tracking.md
V1-E02-F02-S01,story,V1,V1,Multi-Tenancy,Usage Tracking,[V1-E02-F02-S01] Track statement processing usage,billing,medium,Backlog,5,V1-E02-F02,,portfolio/issues/stories/V1-E02-F02-S01-v1-e02-f02-s01-track-statement-processing-usage.md
V1-E02-F02-S02,story,V1,V1,Multi-Tenancy,Usage Tracking,[V1-E02-F02-S02] Create usage summary API,billing,medium,Backlog,5,V1-E02-F02,,portfolio/issues/stories/V1-E02-F02-S02-v1-e02-f02-s02-create-usage-summary-api.md
V1-E03,epic,V1,V1,Billing and Commercial Features,,[V1-E03] Billing and Commercial Features,billing,medium,Backlog,,,,portfolio/issues/epics/V1-E03-v1-e03-billing-and-commercial-features.md
V1-E03-F01,feature,V1,V1,Billing and Commercial Features,Plans and Limits,[V1-E03-F01] Plans and Limits,billing,medium,Backlog,,V1-E03,,portfolio/issues/features/V1-E03-F01-v1-e03-f01-plans-and-limits.md
V1-E03-F01-S01,story,V1,V1,Billing and Commercial Features,Plans and Limits,[V1-E03-F01-S01] Create subscription plan model,billing,medium,Backlog,5,V1-E03-F01,,portfolio/issues/stories/V1-E03-F01-S01-v1-e03-f01-s01-create-subscription-plan-model.md
V1-E03-F01-S02,story,V1,V1,Billing and Commercial Features,Plans and Limits,[V1-E03-F01-S02] Implement feature flag service,billing,medium,Backlog,5,V1-E03-F01,,portfolio/issues/stories/V1-E03-F01-S02-v1-e03-f01-s02-implement-feature-flag-service.md
V1-E03-F01-S03,story,V1,V1,Billing and Commercial Features,Plans and Limits,[V1-E03-F01-S03] Implement usage limit enforcement,billing,medium,Backlog,5,V1-E03-F01,,portfolio/issues/stories/V1-E03-F01-S03-v1-e03-f01-s03-implement-usage-limit-enforcement.md
V1-E03-F02,feature,V1,V1,Billing and Commercial Features,Billing Integration Skeleton,[V1-E03-F02] Billing Integration Skeleton,billing,medium,Backlog,,V1-E03,,portfolio/issues/features/V1-E03-F02-v1-e03-f02-billing-integration-skeleton.md
V1-E03-F02-S01,story,V1,V1,Billing and Commercial Features,Billing Integration Skeleton,[V1-E03-F02-S01] Create billing provider abstraction,billing,medium,Backlog,5,V1-E03-F02,,portfolio/issues/stories/V1-E03-F02-S01-v1-e03-f02-s01-create-billing-provider-abstraction.md
V1-E03-F02-S02,story,V1,V1,Billing and Commercial Features,Billing Integration Skeleton,[V1-E03-F02-S02] Create invoice metadata model,billing,medium,Backlog,5,V1-E03-F02,,portfolio/issues/stories/V1-E03-F02-S02-v1-e03-f02-s02-create-invoice-metadata-model.md
V1-E04,epic,V1,V1,AI Platform,,[V1-E04] AI Platform,ai,medium,Backlog,,,,portfolio/issues/epics/V1-E04-v1-e04-ai-platform.md
V1-E04-F01,feature,V1,V1,AI Platform,Local AI Infrastructure,[V1-E04-F01] Local AI Infrastructure,ai,medium,Backlog,,V1-E04,,portfolio/issues/features/V1-E04-F01-v1-e04-f01-local-ai-infrastructure.md
V1-E04-F01-S01,story,V1,V1,AI Platform,Local AI Infrastructure,[V1-E04-F01-S01] Create Ollama client,ai,medium,Backlog,5,V1-E04-F01,,portfolio/issues/stories/V1-E04-F01-S01-v1-e04-f01-s01-create-ollama-client.md
V1-E04-F01-S02,story,V1,V1,AI Platform,Local AI Infrastructure,[V1-E04-F01-S02] Create local AI orchestration abstraction,ai,medium,Backlog,5,V1-E04-F01,,portfolio/issues/stories/V1-E04-F01-S02-v1-e04-f01-s02-integrate-semantic-kernel-abstraction.md
V1-E04-F01-S03,story,V1,V1,AI Platform,Local AI Infrastructure,[V1-E04-F01-S03] Create prompt template library,ai,medium,Backlog,5,V1-E04-F01,,portfolio/issues/stories/V1-E04-F01-S03-v1-e04-f01-s03-create-prompt-template-library.md
V1-E04-F01-S04,story,V1,V1,AI Platform,Local AI Infrastructure,[V1-E04-F01-S04] Create AI response validation,ai,medium,Backlog,5,V1-E04-F01,,portfolio/issues/stories/V1-E04-F01-S04-v1-e04-f01-s04-create-ai-response-validation.md
V1-E04-F02,feature,V1,V1,AI Platform,AI Assisted Categorization,[V1-E04-F02] AI Assisted Categorization,ai,medium,Backlog,,V1-E04,,portfolio/issues/features/V1-E04-F02-v1-e04-f02-ai-assisted-categorization.md
V1-E04-F02-S01,story,V1,V1,AI Platform,AI Assisted Categorization,[V1-E04-F02-S01] Suggest category for unknown merchants,ai,medium,Backlog,5,V1-E04-F02,,portfolio/issues/stories/V1-E04-F02-S01-v1-e04-f02-s01-suggest-category-for-unknown-merchants.md
V1-E04-F02-S02,story,V1,V1,AI Platform,AI Assisted Categorization,[V1-E04-F02-S02] Suggest merchant normalization,ai,medium,Backlog,5,V1-E04-F02,,portfolio/issues/stories/V1-E04-F02-S02-v1-e04-f02-s02-suggest-merchant-normalization.md
V1-E04-F03,feature,V1,V1,AI Platform,AI Financial Advisor,[V1-E04-F03] AI Financial Advisor,ai,medium,Backlog,,V1-E04,,portfolio/issues/features/V1-E04-F03-v1-e04-f03-ai-financial-advisor.md
V1-E04-F03-S01,story,V1,V1,AI Platform,AI Financial Advisor,[V1-E04-F03-S01] Generate narrative insights from deterministic metrics,ai,medium,Backlog,5,V1-E04-F03,,portfolio/issues/stories/V1-E04-F03-S01-v1-e04-f03-s01-generate-narrative-insights-from-deterministic-metrics.md
V1-E04-F03-S02,story,V1,V1,AI Platform,AI Financial Advisor,[V1-E04-F03-S02] Generate budget coaching explanation,ai,medium,Backlog,5,V1-E04-F03,,portfolio/issues/stories/V1-E04-F03-S02-v1-e04-f03-s02-generate-budget-coaching-explanation.md
V1-E04-F03-S03,story,V1,V1,AI Platform,AI Financial Advisor,[V1-E04-F03-S03] Create AI audit trail,ai,medium,Backlog,5,V1-E04-F03,,portfolio/issues/stories/V1-E04-F03-S03-v1-e04-f03-s03-create-ai-audit-trail.md
V1-E05,epic,V1,V1,Open Banking,,[V1-E05] Open Banking,open-banking,medium,Backlog,,,,portfolio/issues/epics/V1-E05-v1-e05-open-banking.md
V1-E05-F01,feature,V1,V1,Open Banking,Bank Integration Abstractions,[V1-E05-F01] Bank Integration Abstractions,open-banking,medium,Backlog,,V1-E05,,portfolio/issues/features/V1-E05-F01-v1-e05-f01-bank-integration-abstractions.md
V1-E05-F01-S01,story,V1,V1,Open Banking,Bank Integration Abstractions,[V1-E05-F01-S01] Create bank connector interface,open-banking,medium,Backlog,5,V1-E05-F01,,portfolio/issues/stories/V1-E05-F01-S01-v1-e05-f01-s01-create-bank-connector-interface.md
V1-E05-F01-S02,story,V1,V1,Open Banking,Bank Integration Abstractions,[V1-E05-F01-S02] Create consent model,open-banking,medium,Backlog,5,V1-E05-F01,,portfolio/issues/stories/V1-E05-F01-S02-v1-e05-f01-s02-create-consent-model.md
V1-E05-F01-S03,story,V1,V1,Open Banking,Bank Integration Abstractions,[V1-E05-F01-S03] Create account linking model,open-banking,medium,Backlog,5,V1-E05-F01,,portfolio/issues/stories/V1-E05-F01-S03-v1-e05-f01-s03-create-account-linking-model.md
V1-E05-F02,feature,V1,V1,Open Banking,Transaction Sync,[V1-E05-F02] Transaction Sync,open-banking,medium,Backlog,,V1-E05,,portfolio/issues/features/V1-E05-F02-v1-e05-f02-transaction-sync.md
V1-E05-F02-S01,story,V1,V1,Open Banking,Transaction Sync,[V1-E05-F02-S01] Create transaction sync job,open-banking,medium,Backlog,5,V1-E05-F02,,portfolio/issues/stories/V1-E05-F02-S01-v1-e05-f02-s01-create-transaction-sync-job.md
V1-E05-F02-S02,story,V1,V1,Open Banking,Transaction Sync,[V1-E05-F02-S02] Create sync audit events,open-banking,medium,Backlog,5,V1-E05-F02,,portfolio/issues/stories/V1-E05-F02-S02-v1-e05-f02-s02-create-sync-audit-events.md
V1-E06,epic,V1,V1,Predictive Analytics,,[V1-E06] Predictive Analytics,analytics,medium,Backlog,,,,portfolio/issues/epics/V1-E06-v1-e06-predictive-analytics.md
V1-E06-F01,feature,V1,V1,Predictive Analytics,Cashflow Forecasting,[V1-E06-F01] Cashflow Forecasting,analytics,medium,Backlog,,V1-E06,,portfolio/issues/features/V1-E06-F01-v1-e06-f01-cashflow-forecasting.md
V1-E06-F01-S01,story,V1,V1,Predictive Analytics,Cashflow Forecasting,[V1-E06-F01-S01] Create cashflow forecast model,analytics,medium,Backlog,5,V1-E06-F01,,portfolio/issues/stories/V1-E06-F01-S01-v1-e06-f01-s01-create-cashflow-forecast-model.md
V1-E06-F01-S02,story,V1,V1,Predictive Analytics,Cashflow Forecasting,[V1-E06-F01-S02] Implement recurring transaction forecast,analytics,medium,Backlog,5,V1-E06-F01,,portfolio/issues/stories/V1-E06-F01-S02-v1-e06-f01-s02-implement-recurring-transaction-forecast.md
V1-E06-F01-S03,story,V1,V1,Predictive Analytics,Cashflow Forecasting,[V1-E06-F01-S03] Implement scenario forecast,analytics,medium,Backlog,5,V1-E06-F01,,portfolio/issues/stories/V1-E06-F01-S03-v1-e06-f01-s03-implement-scenario-forecast.md
V1-E06-F02,feature,V1,V1,Predictive Analytics,Trend Analytics,[V1-E06-F02] Trend Analytics,analytics,medium,Backlog,,V1-E06,,portfolio/issues/features/V1-E06-F02-v1-e06-f02-trend-analytics.md
V1-E06-F02-S01,story,V1,V1,Predictive Analytics,Trend Analytics,[V1-E06-F02-S01] Create spend trend analysis,analytics,medium,Backlog,5,V1-E06-F02,,portfolio/issues/stories/V1-E06-F02-S01-v1-e06-f02-s01-create-spend-trend-analysis.md
V1-E06-F02-S02,story,V1,V1,Predictive Analytics,Trend Analytics,[V1-E06-F02-S02] Create income trend analysis,analytics,medium,Backlog,5,V1-E06-F02,,portfolio/issues/stories/V1-E06-F02-S02-v1-e06-f02-s02-create-income-trend-analysis.md
V1-E07,epic,V1,V1,Fraud and Risk Detection,,[V1-E07] Fraud and Risk Detection,analytics,medium,Backlog,,,,portfolio/issues/epics/V1-E07-v1-e07-fraud-and-risk-detection.md
V1-E07-F01,feature,V1,V1,Fraud and Risk Detection,Anomaly Detection,[V1-E07-F01] Anomaly Detection,analytics,medium,Backlog,,V1-E07,,portfolio/issues/features/V1-E07-F01-v1-e07-f01-anomaly-detection.md
V1-E07-F01-S01,story,V1,V1,Fraud and Risk Detection,Anomaly Detection,[V1-E07-F01-S01] Create anomaly detection rules,analytics,medium,Backlog,5,V1-E07-F01,,portfolio/issues/stories/V1-E07-F01-S01-v1-e07-f01-s01-create-anomaly-detection-rules.md
V1-E07-F01-S02,story,V1,V1,Fraud and Risk Detection,Anomaly Detection,[V1-E07-F01-S02] Create behavior baseline model,analytics,medium,Backlog,5,V1-E07-F01,,portfolio/issues/stories/V1-E07-F01-S02-v1-e07-f01-s02-create-behavior-baseline-model.md
V1-E07-F01-S03,story,V1,V1,Fraud and Risk Detection,Anomaly Detection,[V1-E07-F01-S03] Create risk alert model,analytics,medium,Backlog,5,V1-E07-F01,,portfolio/issues/stories/V1-E07-F01-S03-v1-e07-f01-s03-create-risk-alert-model.md
V1-E07-F02,feature,V1,V1,Fraud and Risk Detection,Compliance and Audit,[V1-E07-F02] Compliance and Audit,security,medium,Backlog,,V1-E07,,portfolio/issues/features/V1-E07-F02-v1-e07-f02-compliance-and-audit.md
V1-E07-F02-S01,story,V1,V1,Fraud and Risk Detection,Compliance and Audit,[V1-E07-F02-S01] Create audit search API,security,medium,Backlog,5,V1-E07-F02,,portfolio/issues/stories/V1-E07-F02-S01-v1-e07-f02-s01-create-audit-search-api.md
V1-E07-F02-S02,story,V1,V1,Fraud and Risk Detection,Compliance and Audit,[V1-E07-F02-S02] Create compliance report export,security,medium,Backlog,5,V1-E07-F02,,portfolio/issues/stories/V1-E07-F02-S02-v1-e07-f02-s02-create-compliance-report-export.md
V1-E99-F01-S01,story,V1,V1,Enhancements,Future Enhancements,[V1-E99-F01-S01] Mobile companion app planning spike,analytics,low,Backlog,8,,,portfolio/issues/stories/V1-E99-F01-S01-v1-e99-f01-s01-mobile-companion-app-planning-spike.md
V1-E99-F01-S02,story,V1,V1,Enhancements,Future Enhancements,[V1-E99-F01-S02] White-label reporting theme engine,reporting,low,Backlog,8,,,portfolio/issues/stories/V1-E99-F01-S02-v1-e99-f01-s02-white-label-reporting-theme-engine.md
V1-E99-F01-S03,story,V1,V1,Enhancements,Future Enhancements,[V1-E99-F01-S03] Advisor workspace dashboard,reporting,low,Backlog,8,,,portfolio/issues/stories/V1-E99-F01-S03-v1-e99-f01-s03-advisor-workspace-dashboard.md
V1-E99-F01-S04,story,V1,V1,Enhancements,Future Enhancements,[V1-E99-F01-S04] Fine-tuned merchant classifier research spike,ai,low,Backlog,8,,,portfolio/issues/stories/V1-E99-F01-S04-v1-e99-f01-s04-fine-tuned-merchant-classifier-research-spike.md
V1-E99-F01-S05,story,V1,V1,Enhancements,Future Enhancements,[V1-E99-F01-S05] POPIA compliance checklist and DPIA,security,low,Backlog,8,,,portfolio/issues/stories/V1-E99-F01-S05-v1-e99-f01-s05-popia-compliance-checklist-and-dpia.md
